Full Name, Email Address
Darren Tonks, darrentonks@abc.edu
Blossom Gill, Blossom@abc.edu
hayes Delgado, nonummy@utnisia.com
Petra Jones, ac@xyz.edu
Oleg Noel, noel@liberomauris.ca
Ahmed Miller, ahmed.miller@nequenonquam.co.uk
Macaulay Douglas, mdogulas@abc.edu
Aurora Grant, enim.non@abc.edu
Madison Mcintosh, mcintosh@nisiaenean.net
Montana Powell, montanap@semmagna.org
Rogan Robinson, rr.robinson@abc.edu
Simon Rivera, sri@xyz.edu
Benedict Pacheco, bpacheco@xyz.edu
Maisie Hendrix, mai.hendrix@xyz.edu
Xaviera Goul, xlg@utnisia.net
Oren Rollins, oren@semmagna.com
Flavia Santiago, flavia@utnisia.net
Jackson Owens, jackowens@xyz.edu
Britanni Humphrey, britanni@ut.net
Kirk Nixon, kirknixon@xyz.edu
Bree Campbell, breee@utnisia.net
